antecedents,consequents,antecedent support,consequent support,support,confidence,lift,representativity,leverage,conviction,zhangs_metric,jaccard,certainty,kulczynski
frozenset({'GREEN REGENCY TEACUP AND SAUCER'}),frozenset({'ROSES REGENCY TEACUP AND SAUCER '}),0.039395667046750286,0.04464082098061573,0.030843785632839224,0.7829232995658466,17.53828183190926,1.0,0.0290851307127933,4.40102128468263,0.9816548182842731,0.579849946409432,0.7727800127937549,0.7369278055939067
frozenset({'ROSES REGENCY TEACUP AND SAUCER '}),frozenset({'GREEN REGENCY TEACUP AND SAUCER'}),0.04464082098061573,0.039395667046750286,0.030843785632839224,0.6909323116219668,17.538281831909256,1.0,0.0290851307127933,3.1080710442247708,0.9870443416644816,0.579849946409432,0.6782570328119947,0.7369278055939067
frozenset({'ALARM CLOCK BAKELIKE RED '}),frozenset({'ALARM CLOCK BAKELIKE GREEN'}),0.05,0.04498289623717218,0.030216647662485746,0.6043329532497149,13.434727503168567,1.0,0.027967502850627136,2.413688760806916,0.9742800397219464,0.4665492957746478,0.5856963763357411,0.6380346642040716
frozenset({'ALARM CLOCK BAKELIKE GREEN'}),frozenset({'ALARM CLOCK BAKELIKE RED '}),0.04498289623717218,0.05,0.030216647662485746,0.6717363751584283,13.434727503168565,1.0,0.027967502850627136,2.894015444015443,0.9691617397102736,0.4665492957746478,0.6544593422720298,0.6380346642040716
frozenset({'JUMBO BAG RED RETROSPOT'}),frozenset({'JUMBO BAG PINK POLKADOT'}),0.09122006841505131,0.049657924743443556,0.03112884834663626,0.34125,6.872014925373135,1.0,0.026599049054189867,1.4426445165184918,0.9402521359861384,0.28363636363636363,0.30682854400383947,0.48405783582089557
frozenset({'JUMBO BAG PINK POLKADOT'}),frozenset({'JUMBO BAG RED RETROSPOT'}),0.049657924743443556,0.09122006841505131,0.03112884834663626,0.6268656716417911,6.872014925373135,1.0,0.026599049054189867,2.435530216647663,0.8991312644801156,0.28363636363636363,0.5894117867375794,0.48405783582089557
